[
  {
    "id": "appletree-medical-clinic-dundas-275-dundas-st-w-toronto-on-m5t-2w5",
    "clinic": "Appletree Medical Clinic – Dundas",
    "address": "275 Dundas St W, Toronto, ON M5T 2W5",
    "intersection": "Dundas St. W & St. Partrick",
    "area": "Downtown",
    "phone": "64772223706474906330",
    "phone_display": "Phone # (647) 722-2370\nCentral Fax # (647) 490-6330",
    "hours": "Monday to Friday: 8:00 am to 6:00 pm (EST)\nSaturday: 8:00 am to 4:00 pm (EST)\nSunday: 10:00 am to 1:00 pm (EST)",
    "wheelchair_accessible": "",
    "updated_at": "2026-02-24"
  },
  {
    "id": "appletree-medical-clinic-midland-2025-midland-ave-toronto-on-m1p-3e2",
    "clinic": "Appletree Medical Clinic – Midland",
    "address": "2025 Midland Ave, Toronto, ON M1P 3E2",
    "intersection": "Midland & Ellesmere",
    "area": "Scarborough",
    "phone": "",
    "phone_display": "",
    "hours": "",
    "wheelchair_accessible": "",
    "updated_at": "2026-02-24"
  },
  {
    "id": "appletree-medical-clinic-o-connor-1450-o-connor-dr-toronto-on-m4b-1z1",
    "clinic": "Appletree Medical Clinic – O’Connor",
    "address": "1450 O’Connor Dr, Toronto, ON M4B 1Z1",
    "intersection": "Bermondsey Rd. & Cranfield Rd.",
    "area": "East York",
    "phone": "",
    "phone_display": "",
    "hours": "",
    "wheelchair_accessible": "",
    "updated_at": "2026-02-24"
  },
  {
    "id": "appletree-medical-clinic-spadina-4g-spadina-ave-toronto-on-m5v-3z9",
    "clinic": "Appletree Medical Clinic – Spadina",
    "address": "4G Spadina Ave, Toronto, ON M5V 3Z9",
    "intersection": "Bremner Blvd & Spadina Ave",
    "area": "Downtown",
    "phone": "",
    "phone_display": "",
    "hours": "",
    "wheelchair_accessible": "",
    "updated_at": "2026-02-24"
  },
  {
    "id": "blue-rose-medical-1910-kennedy-rd-scarborough-on-m1p-2l8",
    "clinic": "Blue Rose Medical",
    "address": "1910 Kennedy Rd, Scarborough, ON M1P 2L8",
    "intersection": "Ellesmere & Kennedy",
    "area": "Scarborough",
    "phone": "41675490004167549007",
    "phone_display": "Phone: 416-754-9000\nFax: 416-754-9007",
    "hours": "Monday 10am-6pm\nTuesday 9am-5pm\nWednesday 10am-6pm\nThursday 9am-5pm\nFriday 9am-3pm\nSaturday 9am-12pm",
    "wheelchair_accessible": "",
    "updated_at": "2026-02-24"
  },
  {
    "id": "beacon-health-339-adelaide-st-e-toronto-on-m5a-4v1",
    "clinic": "Beacon Health",
    "address": "339 Adelaide St E, Toronto, ON M5A 4V1",
    "intersection": "Adelaide St E & Sherbourne St",
    "area": "Downtown",
    "phone": "64724912001216472491201",
    "phone_display": "Phone: (647) 249-1200 \nPhone services is not availiable during 12-1pm\nFax: (647) 249-1201\ninfo@beaconhealth.ca",
    "hours": "Business Hours\nMonday: 8:00 AM – 5:00 PM\nTuesday: 8:00 AM – 5:00 PM\nWednesday: 8:00 AM – 5:00 PM\nThursday: 8:00 AM – 5:00 PM\nFriday: 8:00 AM – 5:00 PM\nSaturday: 10:00 AM – 1:00 PM\nSundays & Public Holidays: Closed\nUrgent Care Clinic: 5:00 PM - 8:00 PM Monday to Thursday & 10:00 AM to 1:00 PM on Saturday",
    "wheelchair_accessible": "",
    "updated_at": "2026-02-24"
  },
  {
    "id": "citrus-medical-royal-york-605-royal-york-rd-toronto-on-m8y-4g5",
    "clinic": "Citrus Medical – Royal York",
    "address": "605 Royal York Rd, Toronto ON M8Y 4G5",
    "intersection": "Royal York Rd & Tenby St",
    "area": "Etobicoke",
    "phone": "41680065004163421790",
    "phone_display": "Phone:  (416)800-6500\nFax:  (416) 342-1790",
    "hours": "Working Hour\nMon – Thu  8:00 am – 8:00 pm\nFri  8:00 am – 6:00 pm\nSaturday  8:00 am – 2:00 pm",
    "wheelchair_accessible": "",
    "updated_at": "2026-02-24"
  },
  {
    "id": "citrus-medical-lake-shore-2240-lake-shore-blvd-w-toronto-on-m8v-0b1",
    "clinic": "Citrus Medical – Lake Shore",
    "address": "2240 Lake Shore Blvd W, Toronto ON M8V 0B1",
    "intersection": "Lakeshore Blvd W & Legion Rd",
    "area": "Etobicoke",
    "phone": "",
    "phone_display": "",
    "hours": "Mon  12:00 pm – 8:00 pm\nTue – Wed  8:00 am – 8:00 pm\nThur – Fri  8:00 am – 6:00 pm",
    "wheelchair_accessible": "",
    "updated_at": "2026-02-24"
  },
  {
    "id": "don-mills-family-health-20-wynford-dr-toronto-on-m3c-1j4",
    "clinic": "Don Mills Family Health",
    "address": "20 Wynford Dr, Toronto ON M3C 1J4",
    "intersection": "Wynford Dr & Gervais Dr",
    "area": "East York",
    "phone": "416444616141644458494164998009",
    "phone_display": "Tel: (416) 444-6161\nFax: (416) 444-5849\nAlternate Tel: (416) 499-8009",
    "hours": "Office Hours\nMonday to Friday    \n9:00am – 5:00pm\nAfter Hours Clinic\n(Monday to Thursday)  5:00pm – 7:30pm\nUrgent Care Clinic (Saturday) 9:00am – 12:00pm",
    "wheelchair_accessible": "",
    "updated_at": "2026-02-24"
  },
  {
    "id": "scarborough-village-medical-center-3458-kingston-rd-scarborough-on-m1m-1r5",
    "clinic": "Scarborough Village Medical Center",
    "address": "3458 Kingston Rd, Scarborough ON M1M 1R5",
    "intersection": "Kinston Rd & Markham Rd",
    "area": "Scarborough",
    "phone": "4168154585",
    "phone_display": "(416) 815-4585",
    "hours": "Mon-Fri   10am-7pm",
    "wheelchair_accessible": "",
    "updated_at": "2026-02-24"
  },
  {
    "id": "medione-physicians-markham-50-mcintosh-dr-unit-103-markham-on-l3r-9t3",
    "clinic": "MediOne Physicians – Markham",
    "address": "50 McIntosh Dr Unit 103, Markham ON L3R 9T3",
    "intersection": "Mclntosh Dr & Woodbine Ave",
    "area": "Markham",
    "phone": "28937850772898070597",
    "phone_display": "TEL: 289-378-5077 | FAX: 289-807-0597\ninfo@medionephysicians.com",
    "hours": "Monday\t9 a.m.–8 p.m.\nTuesday\t9 a.m.–5 p.m.\nWednesday\t9 a.m.–8 p.m.\nThursday\t11 a.m.–8 p.m.\nFriday\t9 a.m.–4 p.m.\nSaturday\t9:30 a.m.–3 p.m.\nSunday\t10:30 a.m.–4 p.m.",
    "wheelchair_accessible": "",
    "updated_at": "2026-02-24"
  },
  {
    "id": "cross-town-fht-1286-weston-rd-toronto-on-m6m-4r3",
    "clinic": "Cross Town FHT",
    "address": "1286 Weston Rd, Toronto ON M6M 4R3",
    "intersection": "Weston Rd & Sunnybrae Crescent & Bartonville Ave E",
    "area": "York",
    "phone": "4162422850318882838072",
    "phone_display": "Tel:  416-242-2850 ext.3\nFax: 1.888.283.8072",
    "hours": "Mon-Thurs: 8 am-8 pm\nFri: 8 am-1 pm\nSat: 7 am–4pm\nSun: 7 am–4pm",
    "wheelchair_accessible": "",
    "updated_at": "2026-02-24"
  },
  {
    "id": "dandan-family-practice-3400-danforth-ave-unit-6-toronto-on-m1l-1e1",
    "clinic": "DanDan Family Practice",
    "address": "3400 Danforth Ave Unit 6, Toronto ON M1L 1E1",
    "intersection": "Danforth Rd & Warden Ave.",
    "area": "Scarborough",
    "phone": "41669010424166901046",
    "phone_display": "416-690-1042\nFax: (416) 690-1046\ndandanclinic@chealthnet.ca",
    "hours": "Monday\t9:30 a.m.–1:30 p.m.\nTuesday\t9:30 a.m.–1:30 p.m.\nWednesday\t9:30 a.m.–5 p.m.\nThursday\t9:30 a.m.–5 p.m.\nFriday\t9:30 a.m.–5 p.m.\nSaturday\t9 a.m.–12 p.m.\nSunday\t9 a.m.–1 p.m.",
    "wheelchair_accessible": "",
    "updated_at": "2026-02-24"
  },
  {
    "id": "danforth-main-medical-clinic-2925-danforth-ave-toronto-on-m4c-1m4",
    "clinic": "Danforth Main Medical Clinic",
    "address": "2925 Danforth Ave, Toronto ON M4C 1M4",
    "intersection": "Danforth Ave & Albert Kahn Ln & Luttrell Ave",
    "area": "East York",
    "phone": "41677809114167925305",
    "phone_display": "Ph: 416-778-0911\nFx: 416-792-5305\ndanforthmedicalclinic@gmail.com",
    "hours": "OPENING HOURS\nMonday – Friday: 8:00 a.m. – 5:00 p.m.\nSaturday: 8.00 a.m. – 4:00 p.m.\nSunday: Closed.",
    "wheelchair_accessible": "",
    "updated_at": "2026-02-24"
  },
  {
    "id": "st-clair-medical-1849-yonge-st-suite-701-toronto-on-m4s-1y2",
    "clinic": "St. Clair Medical",
    "address": "1849 Yonge St Suite 701, Toronto ON M4S 1Y2",
    "intersection": "Yonge St & Merton St",
    "area": "Toronto",
    "phone": "41692110664169218459",
    "phone_display": "Phone:  (416) 921-1066\nFax: (416) 921-8459\nfrontdesk@stclairmedical.ca",
    "hours": "Monday: 8:30am - 5:00pm\nTuesday: 8:30am - 5:00pm\nWednesday: 8:30am - 5:00pm\nThursday: 8:30am - 5:00pm\nFriday: 8:30am - 5:00pm\nSaturday: CLOSED\nSunday: CLOSED",
    "wheelchair_accessible": "",
    "updated_at": "2026-02-24"
  },
  {
    "id": "discovery-family-health-77-provost-dr-north-york-on-m2k-0b7",
    "clinic": "Discovery Family Health",
    "address": "77 Provost Dr, North York ON M2K 0B7",
    "intersection": "Provost Dr & Sheppard Ave E",
    "area": "North York",
    "phone": "41690174074169019780",
    "phone_display": "Phone: 416-901-7407\nFax: 416-901-9780\nEmail: inquiries@discoveryfamilyhealth.com",
    "hours": "Clinic Hours of Operation:\nMonday - Thursday : 8:00am - 8:00pm\nFriday: 8:00am - 5:00pm\nSaturday: 9:00am - 3:00pm (Urgent Care only)\nSunday: CLOSED\nUpcoming Holiday Closure:\nHoliday Hours: Dec 22 - Jan 2",
    "wheelchair_accessible": "",
    "updated_at": "2026-02-24"
  },
  {
    "id": "ellesmere-family-health-2100-ellesmere-rd-scarborough-on-m1h-3b7",
    "clinic": "Ellesmere Family Health",
    "address": "2100 Ellesmere Rd, Scarborough ON M1H 3B7",
    "intersection": "Ellesmere Rd & Markham Rd",
    "area": "Scarborough",
    "phone": "41669035334166903450",
    "phone_display": "Phone: (416) 690-3533 or (416) 690-3450",
    "hours": "Walk-In Hours\t\nSun\t8am-3pm\t\nMon\t8am-6pm\t\nTue\t8am-3:30pm\t\nWed\t8am-5pm\t\nThu\t8am-6pm\t\nFri\t8am-5pm\t\nSat\t9am-4pm",
    "wheelchair_accessible": "",
    "updated_at": "2026-02-24"
  },
  {
    "id": "victoria-medical-group-lawrence-ave-e-north-york-on-m3a-1c3",
    "clinic": "Victoria Medical Group",
    "address": "Lawrence Ave E, North York ON M3A 1C3",
    "intersection": "Lawrence Ave E & Danielle Moore Cir",
    "area": "North York",
    "phone": "4166091100",
    "phone_display": "Tel: 416 609 1100",
    "hours": "Regular Clinic Hours:\nMonday to Saturday: 8:30am - 6pm\nSunday: 10am - 6pm\nWalk-in Clinic Hours:\nEvery Tuesday and Thursday: 9:30am – 3:30pm",
    "wheelchair_accessible": "",
    "updated_at": "2026-02-24"
  },
  {
    "id": "thorncliffe-medical-group-45-overlea-blvd-toronto-on-m4h-1c3",
    "clinic": "Thorncliffe Medical Group",
    "address": "45 Overlea Blvd, Toronto ON M4H 1C3",
    "intersection": "East York Town Centre",
    "area": "East York",
    "phone": "4166969826",
    "phone_display": "(416) 696 9826",
    "hours": "Regular Hours\nMonday to Saturday 8:30am-6:00pm\nSunday 9am-4pm",
    "wheelchair_accessible": "",
    "updated_at": "2026-02-24"
  },
  {
    "id": "get-well-clinic-4430-bathurst-st-unit-103-north-york-on-m3h-3s3",
    "clinic": "Get Well Clinic",
    "address": "4430 Bathurst St Unit 103, North York ON M3H 3S3",
    "intersection": "Bathurst St & Heaton St & Cocksfield Ave",
    "area": "North York",
    "phone": "41650856914163982436",
    "phone_display": "Tel: (416) 508-5691\nFax: (416) 398-2436",
    "hours": "Walk-In Clinic Hours\nMon: 9 - 5pm\nTue: 9 - 5pm\nWed: 1 - 5pm\nThur: 9 - 5pm\nFri: 9 - 5 pm\nSat: 9 - 1pm\nSun: Closed",
    "wheelchair_accessible": "",
    "updated_at": "2026-02-24"
  },
  {
    "id": "get-well-clinic-access-clinic-649-sheppard-ave-w-north-york-on-m3h-2s4",
    "clinic": "Get Well Clinic- Access Clinic",
    "address": "649 Sheppard Ave W, North York ON M3H 2S4",
    "intersection": "Sheppard Ave W & Hove St & Hammell St",
    "area": "North York",
    "phone": "",
    "phone_display": "",
    "hours": "",
    "wheelchair_accessible": "",
    "updated_at": "2026-02-24"
  },
  {
    "id": "malvern-medical-centre-520-ellesmere-rd-suite-501-scarborough-on-m1r-0b1",
    "clinic": "Malvern Medical Centre",
    "address": "520 Ellesmere Rd Suite 501, Scarborough ON M1R 0B1",
    "intersection": "Ellesmere Rd & Rolark Dr",
    "area": "Scarborough",
    "phone": "41629177194162873775",
    "phone_display": "Phone: (416) 291-7719\nFax: (416) 287-3775",
    "hours": "Monday to Thursday: 8:00 AM - 8:00 PM\n\nFriday: 8:00 AM - 4:00 PM\n\nSaturday 9:00 AM - 3:00 PM\n\nSunday 9:00 AM - 12:00 PM",
    "wheelchair_accessible": "",
    "updated_at": "2026-02-24"
  },
  {
    "id": "markington-family-care-3227-eglinton-ave-e-units-143-144-scarborough-on",
    "clinic": "Markington Family Care",
    "address": "3227 Eglinton Ave E Units 143-144, Scarborough ON",
    "intersection": "(Eglinton/Kingston Rd)",
    "area": "Scarborough",
    "phone": "41626144464162614447",
    "phone_display": "Phone: (416) 261 4446\nFax: (416) 261 4447\nmarkingtonclinic@chealthnet.ca",
    "hours": "Monday\t9 a.m.–5 p.m.\nTuesday\t9 a.m.–5 p.m.\nWednesday\t9 a.m.–5 p.m.\nThursday\t9 a.m.–5 p.m.\nFriday\tClosed\nSaturday\t9 a.m.–4 p.m.\nSunday\t9 a.m.–5 p.m.",
    "wheelchair_accessible": "",
    "updated_at": "2026-02-24"
  },
  {
    "id": "nas-medical-2683-lawrence-ave-e-unit-5-scarborough-on-m1p-2s2",
    "clinic": "NAS Medical",
    "address": "2683 Lawrence Ave E Unit 5, Scarborough ON M1P 2S2",
    "intersection": "Lawrence Ave E & Marcos Blvd",
    "area": "Scarborough",
    "phone": "41629907104162991653",
    "phone_display": "Phone:  416-299-0710\nFax:  416-299-1653",
    "hours": "",
    "wheelchair_accessible": "",
    "updated_at": "2026-02-24"
  },
  {
    "id": "pharmazone-medical-centre-1069-midland-ave-scarborough-on-m1k-4g7",
    "clinic": "Pharmazone Medical Centre",
    "address": "1069 Midland Ave, Scarborough ON M1K 4G7",
    "intersection": "(Midland/Lawrence)",
    "area": "Scarborough",
    "phone": "41690180804169018081",
    "phone_display": "Phone: 416-901-8080\nFax: 416-901-8081\npharmazonehc@gmail.com",
    "hours": "Monday\t9 a.m. –12 p.m., 3–8 p.m.\nTuesday\t3–8 p.m.\nWednesday\t9 a.m. –2 p.m., \nThursday         9 a.m. –2 p.m.\nFriday              3–8 p.m\nSaturday          9 a.m. –2 p.m.\nSunday            Closed",
    "wheelchair_accessible": "",
    "updated_at": "2026-02-24"
  },
  {
    "id": "s-and-y-clinic-400-adelaide-st-e-suite-105-toronto-on-m5a-4s3",
    "clinic": "S AND Y Clinic",
    "address": "400 Adelaide St E Suite 105, Toronto ON M5A 4S3",
    "intersection": "Adelaide St E & Gendron Ln & Ontario St",
    "area": "Downtown",
    "phone": "64750987928559533580",
    "phone_display": "Phone: 647-509-8792\nFax: 855-953-3580\nHello@YourClinic.ca",
    "hours": "Monday - Friday: 9:45AM–4.45PM",
    "wheelchair_accessible": "",
    "updated_at": "2026-02-24"
  },
  {
    "id": "your-total-health-center-2330-kennedy-rd-suite-302-scarborough-on-m1t-0a2",
    "clinic": "Your Total Health Center",
    "address": "2330 Kennedy Rd Suite 302, Scarborough ON M1T 0A2",
    "intersection": "Kennedy Rd & Sheppard Ave E",
    "area": "Scarborough",
    "phone": "41629813034162984872",
    "phone_display": "Phone: 416-298-1303\nFax: 416-298-4872",
    "hours": "Medical:\n\nMonday - Thursday: 9AM–8PM\n\nFriday: 9AM–12 noon",
    "wheelchair_accessible": "",
    "updated_at": "2026-02-24"
  },
  {
    "id": "scarborough-academic-fhc-1333-kennedy-rd-unit-5-scarborough-on-m1p-2l6",
    "clinic": "Scarborough Academic FHC",
    "address": "1333 Kennedy Rd Unit 5, Scarborough ON M1P 2L6",
    "intersection": "Kennedy Rd & Munham Gate",
    "area": "Scarborough",
    "phone": "41626444464162644456",
    "phone_display": "Phone: 416-264-4446\nFax: 416-264-4456",
    "hours": "Monday\t9 a.m.–4 p.m.\nTuesday\t9 a.m.–4 p.m.\nWednesday\t9 a.m.–4 p.m.\nThursday\t9 a.m.–4 p.m.\nFriday\t9 a.m.–12 p.m.\nSaturday\tClosed\nSunday\tClosed",
    "wheelchair_accessible": "",
    "updated_at": "2026-02-24"
  },
  {
    "id": "summerville-fht-101-queensway-w-7th-floor-mississauga-on-l5b-2p7",
    "clinic": "Summerville FHT",
    "address": "101 Queensway W 7th Floor, Mississauga ON L5B 2P7",
    "intersection": "Confederation Pkwy & Queensway W",
    "area": "Mississauga",
    "phone": "90527299009052729977",
    "phone_display": "Phone: (905) 272-9900\nFax: (905) 272-9977",
    "hours": "Hours of Operation is different everyday\nhttps://www.fmtu.summervillefht.com/displayPage.php?page=HoursofOperation",
    "wheelchair_accessible": "",
    "updated_at": "2026-02-24"
  },
  {
    "id": "toronto-western-fht-st-clair-928-st-clair-ave-w-toronto-on-m6c-1c6",
    "clinic": "Toronto Western FHT – St Clair",
    "address": "928 St Clair Ave W, Toronto ON M6C 1C6",
    "intersection": "Robina Ave & St. Clair Ave W",
    "area": "York",
    "phone": "41660358884166035059",
    "phone_display": "T: 416-603-5888\nF: 416-603-5059",
    "hours": "Hours of Operation is different everyday\nhttps://www.twfht.ca/displayPage.php?page=Hours2",
    "wheelchair_accessible": "",
    "updated_at": "2026-02-24"
  },
  {
    "id": "toronto-western-fht-bathurst-440-bathurst-st-toronto-on-m5t-2s6",
    "clinic": "Toronto Western FHT – Bathurst",
    "address": "440 Bathurst St, Toronto ON M5T 2S6",
    "intersection": "Bathurst & Nassau St",
    "area": "Downtown",
    "phone": "41660358884166035448",
    "phone_display": "T: 416-603-5888\nF: 416-603-5448",
    "hours": "",
    "wheelchair_accessible": "",
    "updated_at": "2026-02-24"
  },
  {
    "id": "thompson-medical-clinic-2869-lawrence-ave-e-scarborough-on-m1p-2s8",
    "clinic": "Thompson Medical Clinic",
    "address": "2869 Lawrence Ave E, Scarborough ON M1P 2S8",
    "intersection": "Lawrence Ave E & Brimley Rd",
    "area": "Scarborough",
    "phone": "4165037703",
    "phone_display": "Phone:  (416) 503-7703\nEmail: thompsonmedclinic@gmail.com",
    "hours": "Mon – Fri 10AM-8PM\nSat 10AM-4PM\nSun 10AM-6PM",
    "wheelchair_accessible": "",
    "updated_at": "2026-02-24"
  },
  {
    "id": "well-medical-clinic-woodbridge-7600-weston-rd-unit-55-woodbridge-on-l4l-8b7",
    "clinic": "Well Medical Clinic – Woodbridge",
    "address": "7600 Weston Rd Unit 55, Woodbridge ON L4L 8B7",
    "intersection": "Winges Rd & Hwy 7",
    "area": "Woodbridge",
    "phone": "289371350022893713399",
    "phone_display": "Phone: (289) 371-3500 x 2 \nFax: (289) 371-3399",
    "hours": "Mon-Fri 9am-5pm\nAfter hours Mon-Thur 5-8pm",
    "wheelchair_accessible": "",
    "updated_at": "2026-02-24"
  },
  {
    "id": "platinum-medical-clinic-3170-eglinton-ave-e-scarborough-on-m1j-2h3",
    "clinic": "Platinum Medical Clinic",
    "address": "3170 Eglinton Ave E, Scarborough ON M1J 2H3",
    "intersection": "Eglinton Ave E & Centre St",
    "area": "Scarborough",
    "phone": "41626522554162656737",
    "phone_display": "Phone: (416) 265-2255\nFax: (416) 265-6737",
    "hours": "Monday\t9 a.m.–8 p.m.\nTuesday\t9 a.m.–8 p.m.\nWednesday\t9 a.m.–8 p.m.\nThursday\t9 a.m.–8 p.m.\nFriday\t            9 a.m.–5 p.m.\nSaturday\t9 a.m.–12 p.m.\nSunday\tClosed",
    "wheelchair_accessible": "",
    "updated_at": "2026-02-24"
  },
  {
    "id": "chn-sheppard-victoria-mc-2040-sheppard-ave-e-suite-a202-north-york-on-m2j-5b3",
    "clinic": "CHN Sheppard Victoria MC",
    "address": "2040 Sheppard Ave E Suite A202, North York ON M2J 5B3",
    "intersection": "Sheppard Ave E & Brian Dr",
    "area": "North York",
    "phone": "1647532757214164930707",
    "phone_display": "Phone: +1 (647) 532-7572\nFax: +1 (416) 493-0707\nsheppardvic@chealthnet.ca",
    "hours": "Monday\t9 a.m.–5 p.m.\nTuesday\t9 a.m.–5 p.m.\nWednesday\t9 a.m.–5 p.m.\nThursday\t9 a.m.–5 p.m.\nFriday\t            9 a.m.–5 p.m.\nSaturday\t9 a.m.–5 p.m.\nSunday\t9 a.m.–5 p.m.",
    "wheelchair_accessible": "",
    "updated_at": "2026-02-24"
  },
  {
    "id": "health-access-taylor-massey-4-the-market-pl-east-york-on-m4c-5m1",
    "clinic": "Health Access Taylor-Massey",
    "address": "4 The Market Pl, East York ON M4C 5M1",
    "intersection": "Crescent Town Rd & Massey Square",
    "area": "East York",
    "phone": "64725181954166912543",
    "phone_display": "Phone: (647) 251-8195\nFax: (416) 691-2543",
    "hours": "Operation hours please refer to the website\nhttps://ethp.ca/our-work/health-access-taylor-massey/",
    "wheelchair_accessible": "",
    "updated_at": "2026-02-24"
  },
  {
    "id": "doctors-urgent-care-1145-morningside-ave-units-14-15-scarborough-on-m1b-0a7",
    "clinic": "Doctors Urgent Care",
    "address": "1145 Morningside Ave Units 14-15, Scarborough ON M1B 0A7",
    "intersection": "Sheppard Ave E & Morningside Ave",
    "area": "Scarborough",
    "phone": "647352362164735236236473523628",
    "phone_display": "Phone: (647) 352-3621 or (647) 352-3623\nFax: (647) 352-3628",
    "hours": "Monday- Friday\n10:00 AM – 6:00 PM\nSaturday- Sunday\n11:00 AM – 5:00 PM",
    "wheelchair_accessible": "",
    "updated_at": "2026-02-24"
  },
  {
    "id": "direnfeld-family-medicine-545-wilson-ave-toronto-on-m3h-0c4",
    "clinic": "Direnfeld Family Medicine",
    "address": "545 Wilson Ave, Toronto ON M3H 0C4",
    "intersection": "Wilson Ave & Tippett Rd",
    "area": "North York",
    "phone": "41663323454166332216",
    "phone_display": "Phone: (416) 633-2345\nFax: 416-633-2216\ninfo@thestationclinic.ca",
    "hours": "Mon\t08:30 a.m. – 05:00 p.m.\t\nTue\t08:30 a.m. – 05:00 p.m.\t\nWed\t08:30 a.m. – 05:00 p.m.\t\nThu\t08:30 a.m. – 05:00 p.m.\t\nFri\t08:30 a.m. – 03:00 p.m.\t\nSat\tClosed\t\nSun\tClosed\t\nAfter Hours: Monday to Thursday Evening from 5pm - 8pm and Saturday Morning from 9am-12pm",
    "wheelchair_accessible": "",
    "updated_at": "2026-02-24"
  },
  {
    "id": "danforth-main-st-walk-in-2291-danforth-ave-east-york-on-m4c-1k5",
    "clinic": "Danforth Main St Walk-In",
    "address": "2291 Danforth Ave, East York ON M4C 1K5",
    "intersection": "Gledhill Ave & Danforth Ave",
    "area": "East York",
    "phone": "4166913356",
    "phone_display": "Phone: (416) 691-3356\nEmail: info@danforthmain.ca",
    "hours": "Monday - Saturday: 9:30am - 6pm\nSunday : Close",
    "wheelchair_accessible": "",
    "updated_at": "2026-02-24"
  },
  {
    "id": "markham-road-medical-centre-7160-markham-rd-markham-on",
    "clinic": "Markham Road Medical Centre",
    "address": "7160 Markham Rd, Markham ON",
    "intersection": "Denison St & Markham Rd",
    "area": "Markham",
    "phone": "90547274009054729009",
    "phone_display": "Phone: 905-472-7400\nFax: 905-472-9009",
    "hours": "Our phones are answered as follows: Monday to Friday 9am to 8pm and Saturdays 9am to 2pm",
    "wheelchair_accessible": "",
    "updated_at": "2026-02-24"
  },
  {
    "id": "well-health-six-points-5230-dundas-st-w-etobicoke-on-m9b-1a8",
    "clinic": "WELL Health – Six Points",
    "address": "5230 Dundas St W, Etobicoke ON M9B 1A8",
    "intersection": "Dundas St. W & Jopling Ave S\nIn Six Points Plaza",
    "area": "Etobicoke",
    "phone": "41623486684162348720",
    "phone_display": "Phone:  416-234-8668\n\nFax:  416-234-8720",
    "hours": "Monday\t9:00 AM - 8:00 PM\nTuesday\t9:00 AM - 8:00 PM\nWednesday\t9:00 AM - 8:00 PM\nThursday\t9:00 AM - 8:00 PM\nFriday\t9:00 AM - 8:00 PM\nSaturday\t9:00 AM - 4:00 PM\nSunday\t9:00 AM - 4:00 PM",
    "wheelchair_accessible": "",
    "updated_at": "2026-02-24"
  },
  {
    "id": "well-health-scarborough-ne-5995-steeles-ave-e-scarborough-on-m1v-5p7",
    "clinic": "WELL Health – Scarborough NE",
    "address": "5995 Steeles Ave E, Scarborough ON M1V 5P7",
    "intersection": "Select Ave & Markham Rd",
    "area": "Scarborough",
    "phone": "41629753304162979727",
    "phone_display": "Phone:  416-297-5330\n\nFax:  416-297-9727",
    "hours": "Monday\t9:00 AM - 5:00 PM\nTuesday\t9:00 AM - 5:00 PM\nWednesday\t9:00 AM - 5:00 PM\nThursday\t9:00 AM - 5:00 PM\nFriday\t9:00 AM - 5:00 PM\nSaturday\t9:00 AM - 2:00 PM\nSunday\tClosed",
    "wheelchair_accessible": "",
    "updated_at": "2026-02-24"
  },
  {
    "id": "well-health-royal-bank-plaza-200-bay-st-toronto-on-m5j-2t6",
    "clinic": "WELL Health – Royal Bank Plaza",
    "address": "200 Bay St, Toronto ON M5J 2T6",
    "intersection": "Bay St & Front St W",
    "area": "Downtown",
    "phone": "41636867874163687632",
    "phone_display": "Phone: 416-368-6787\n\nFax: 416-368-7632",
    "hours": "Monday\t8:00 AM - 5:00 PM\nTuesday\t8:00 AM - 5:00 PM\nWednesday\t8:00 AM - 5:00 PM\nThursday\t8:00 AM - 5:00 PM\nFriday\t8:00 AM - 5:00 PM\nSaturday\tClosed\nSunday\tClosed",
    "wheelchair_accessible": "",
    "updated_at": "2026-02-24"
  },
  {
    "id": "well-health-weston-lawrence-1995-weston-rd-toronto-on-m9n-1x2",
    "clinic": "WELL Health – Weston Lawrence",
    "address": "1995 Weston Rd, Toronto ON M9N 1X2",
    "intersection": "Weston Rd & Elsmere Ave",
    "area": "York",
    "phone": "41624907284162490732",
    "phone_display": "Phone: 416-249-0728\n\nFax: 416-249-0732",
    "hours": "Monday\t11:00 AM - 4:00 PM\nTuesday\t9:00 AM - 7:00 PM\nWednesday\t9:00 AM - 7:00 PM\nThursday\t9:00 AM - 7:00 PM\nFriday\t10:00 AM - 4:00 PM\nSaturday\tClosed\nSunday\tClosed",
    "wheelchair_accessible": "",
    "updated_at": "2026-02-24"
  },
  {
    "id": "well-health-yonge-charles-3-charles-st-w-toronto-on-m4y-1r4",
    "clinic": "WELL Health – Yonge Charles",
    "address": "3 Charles St W, Toronto ON M4Y 1R4",
    "intersection": "Charles St W & St. Nicholas St",
    "area": "Downtown",
    "phone": "41692627404169262749",
    "phone_display": "Phone: 416-926-2740\n\nFax: 416-926-2749",
    "hours": "Monday\t9:00 AM - 8:00 PM\nTuesday\t9:00 AM - 8:00 PM\nWednesday\t9:00 AM - 8:00 PM\nThursday\t9:00 AM - 8:00 PM\nFriday\t9:00 AM - 5:00 PM\nSaturday\t9:00 AM - 5:00 PM\nSunday\t9:00 AM - 5:00 PM",
    "wheelchair_accessible": "",
    "updated_at": "2026-02-24"
  },
  {
    "id": "well-health-main-exchange-800-steeles-ave-w-suite-4a-thornhill-on-l4j-7l2",
    "clinic": "WELL Health – Main Exchange",
    "address": "800 Steeles Ave W Suite 4A, Thornhill ON L4J 7L2",
    "intersection": "Bathurst St &Steels Ave",
    "area": "Thornhill",
    "phone": "90573866999057386073",
    "phone_display": "Phone: 905-738-6699\n\nFax: 905-738-6073",
    "hours": "Monday\t9:00 AM - 9:00 PM\nTuesday\t9:00 AM - 9:00 PM\nWednesday\t9:00 AM - 9:00 PM\nThursday\t9:00 AM - 9:00 PM\nFriday\t9:00 AM - 8:00 PM\nSaturday\t9:00 AM - 4:00 PM\nSunday\t9:00 AM - 4:00 PM",
    "wheelchair_accessible": "",
    "updated_at": "2026-02-24"
  },
  {
    "id": "dr-o-k-medical-1278-the-queensway-etobicoke-on-m8z-1s3",
    "clinic": "Dr. O.K. Medical",
    "address": "1278 The Queensway, Etobicoke ON M8Z 1S3",
    "intersection": "The Queensway & Kipling Ave",
    "area": "Etobicoke",
    "phone": "41684897954165217216",
    "phone_display": "Medical: 416-848-9795\nFax: 416-521-7216",
    "hours": "Hours\nMon\t9:00\t-\t5:00\nTue\t9:00\t-\t5:00\nWed\t9:00\t-\t5:00\nThu\t9:00\t-\t5:00\nFri\t9:00\t-\t4:00\nSat\t9:00\t-\t2:00\nSun\tClosed\t-\tClosed",
    "wheelchair_accessible": "",
    "updated_at": "2026-02-24"
  },
  {
    "id": "mimico-medical-royal-york-398-royal-york-rd-etobicoke-on-m8y-2r5",
    "clinic": "Mimico Medical – Royal York",
    "address": "398 Royal York Rd, Etobicoke ON M8Y 2R5",
    "intersection": "Hay Ave & Royal York Rd",
    "area": "Etobicoke",
    "phone": "4162010836134",
    "phone_display": "Phone: 416-201-0836\nUse Extension 134 to Call After Hours",
    "hours": "Hours of Operation\nMonday: 9am – 7pm\nTuesday: 9am – 7pm\nWednesday: 9am – 7pm\nThursday: 9am – 7pm\nFriday: 9am – 4pm\nSaturday: 9am – 3:30pm\nSunday: Closed",
    "wheelchair_accessible": "",
    "updated_at": "2026-02-24"
  },
  {
    "id": "mimico-medical-eglinton-4650-eglinton-ave-w-etobicoke-on-m9r-4c8",
    "clinic": "Mimico Medical – Eglinton",
    "address": "4650 Eglinton Ave W, Etobicoke ON M9R 4C8",
    "intersection": "(Inside Parkland)",
    "area": "Etobicoke",
    "phone": "",
    "phone_display": "",
    "hours": "",
    "wheelchair_accessible": "",
    "updated_at": "2026-02-24"
  },
  {
    "id": "flemingdon-health-centre-10-gateway-blvd-toronto-on-m3c-3a1",
    "clinic": "Flemingdon Health Centre",
    "address": "10 Gateway Blvd, Toronto ON M3C 3A1",
    "intersection": "Gateway Blvd & Don Mills Rd",
    "area": "East York",
    "phone": "41642949914164223573",
    "phone_display": "Phone: (416) 429-4991\nFax: 416 422 3573\nEmail: info@fhc-chc.com",
    "hours": "Monday – Thursday: 8:30 AM – 9:00 PM\nFriday: 8:30 AM – 6:00 PM\nSaturday: 9am – 2pm\n*Please note: Most sites are closed for meetings from 12:00pm – 3:00pm on Mondays.",
    "wheelchair_accessible": "",
    "updated_at": "2026-02-24"
  },
  {
    "id": "fairview-community-health-5-fairview-mall-dr-suite-359-north-york-on-m2j-2z1",
    "clinic": "Fairview Community Health",
    "address": "5 Fairview Mall Dr Suite 359, North York ON M2J 2Z1",
    "intersection": "Fairview Mall Dr & Don Mills Rd",
    "area": "North York",
    "phone": "41664052984166422238",
    "phone_display": "Phone: (416) 640-5298\nFax: 416 642 2238\ninfo@fhc-chc.com",
    "hours": "Tuesday, Thursday and Friday: 9:00 AM – 5:00 PM\nMonday and Wednesday: 9:00 AM – 7:00 PM\n*Please note: Most sites are closed for meetings from 12:00pm – 3:00pm on Mondays.",
    "wheelchair_accessible": "",
    "updated_at": "2026-02-24"
  },
  {
    "id": "health-access-thorncliffe-park-45-overlea-blvd-2nd-floor-toronto-on-m4h-1c3",
    "clinic": "Health Access Thorncliffe Park",
    "address": "45 Overlea Blvd 2nd Floor, Toronto ON M4H 1C3",
    "intersection": "(In the Thorncliffe Park Community Hub - 2nd Floor)",
    "area": "East York",
    "phone": "41642163696477299955",
    "phone_display": "Phone: (416) 421-6369\nFax: (647) 729-9955\ninfo@healthaccesstp.org",
    "hours": "Monday, Wednesday, Thursday and Friday: 9:00 AM – 5:00 PM\nTuesdays: 9:00 AM – 7:00 PM\n*Please note: Most sites are closed for meetings from 12:00pm – 3:00pm on Mondays.",
    "wheelchair_accessible": "",
    "updated_at": "2026-02-24"
  },
  {
    "id": "scarborough-centre-for-healthy-communities-629-markham-road-unit-2-on-m1h-2a4",
    "clinic": "Scarborough Centre for Healthy Communities",
    "address": "629 Markham Road, Unit 2, ON M1H 2A4",
    "intersection": "Greenholm Circuit & Lawrence Ave E",
    "area": "Scarborough",
    "phone": "41684741344166429445",
    "phone_display": "Email: intake@schcontario.ca \nEmail: info@schcontario.ca \nPhone: (416)-847-4134 or (416) 642 9445",
    "hours": "Monday: 9:00am – 5:00pm\nTuesday: 9:00am – 5:00pm\nWednesday: 9:00am – 5:00pm\nThursday: 9:00am – 8:00pm\nFriday: 9:00am – 5:00pm",
    "wheelchair_accessible": "",
    "updated_at": "2026-02-24"
  }
]